gene,"","groupID","featureID","exonBaseMean","dispersion","stat","pvalue","padj","genomicData.seqnames","genomicData.start","genomicData.end","genomicData.width","genomicData.strand","countData.1","countData.2","countData.3","countData.4","countData.5","countData.6","transcripts"
"Prkd3:E014","ENSMUSG00000024070:E014","ENSMUSG00000024070","E014",509.370491641082,0.00109464343430666,211.409332525429,6.76696883579177e-48,1.26810965892087e-42,"17",78969619,78971359,1741,"-",630,814,989,417,340,186,ENSMUST00000124229
"Eif4ebp3+Ankhd1:E067","ENSMUSG00000090264+ENSMUSG00000024483:E067","ENSMUSG00000090264+ENSMUSG00000024483","E067",201.118114171115,0.00297075717643574,192.686251501786,8.24140849362884e-44,7.72207613740282e-39,"18",36665282,36665455,174,"+",81,127,93,410,274,192,c("ENSMUST00000140061", "ENSMUST00000142977", "ENSMUST00000036765")
"Eif4ebp3+Ankhd1:E066","ENSMUSG00000090264+ENSMUSG00000024483:E066","ENSMUSG00000090264+ENSMUSG00000024483","E066",92.4098865662616,0.0093393179117348,185.312879906731,3.35346598692701e-42,2.09476488517387e-37,"18",36664060,36664302,243,"+",17,31,10,199,171,94,ENSMUST00000036765
"Mir22hg+Tlcd2+Mir22:E008","ENSMUSG00000085148+ENSMUSG00000038217+ENSMUSG00000065529:E008","ENSMUSG00000085148+ENSMUSG00000038217+ENSMUSG00000065529","E008",414.825630372397,0.0070413743783984,128.415621238546,9.10363388401592e-30,4.26498419740733e-25,"11",75465307,75466676,1370,"+",306,467,458,575,463,294,ENSMUST00000149940
"Pde4dip+Mir7225:E027","ENSMUSG00000038170+ENSMUSG00000098381:E027","ENSMUSG00000038170+ENSMUSG00000098381","E027",533.76779597689,0.00138336628023124,88.2513230936348,5.76446763059856e-21,2.16048788114256e-16,"3",97738854,97740816,1963,"-",665,915,856,515,353,216,ENSMUST00000045243
"Eif4ebp3+Ankhd1:E068","ENSMUSG00000090264+ENSMUSG00000024483:E068","ENSMUSG00000090264+ENSMUSG00000024483","E068",211.525466180528,0.014292631195614,79.7115766642118,4.33254664080253e-19,1.35317707141079e-14,"18",36665591,36665917,327,"+",105,98,84,389,290,230,c("ENSMUST00000140061", "ENSMUST00000142977", "ENSMUST00000036765")
"Ccrn4l:E002","ENSMUSG00000023087:E002","ENSMUSG00000023087","E002",36.1423414997481,0.0127815504160604,77.5515529433516,1.29303111809065e-18,3.46157360624049e-14,"3",51224470,51225287,818,"+",9,5,5,79,64,39,c("ENSMUST00000167780", "ENSMUST00000023849")
"Rhobtb1:E002","ENSMUSG00000019944:E002","ENSMUSG00000019944","E002",19.3626060406937,0.00817217271054425,74.5169569251855,6.01196536452247e-18,1.40828034176927e-13,"10",69155438,69155531,94,"+",29,35,49,7,2,8,ENSMUST00000167286
"Acsl1:E022","ENSMUSG00000018796:E022","ENSMUSG00000018796","E022",68.2804004006771,0.00660734207441289,71.7989836400046,2.38274946850004e-17,4.96133446831668e-13,"8",46521410,46521487,78,"+",25,36,38,161,87,60,ENSMUST00000110371
"Mettl20:E017","ENSMUSG00000039958:E017","ENSMUSG00000039958","E017",280.664149910588,0.00508238254074103,68.6428991546467,1.18008860122094e-16,2.21145063603001e-12,"6",149150414,149151166,753,"+",88,163,102,405,558,272,c("ENSMUST00000147934", "ENSMUST00000047531", "ENSMUST00000179873", "ENSMUST00000111551")
"Prkd3:E002","ENSMUSG00000024070:E002","ENSMUSG00000024070","E002",507.827363643836,0.00132795924668685,66.593010326628,3.33767515828129e-16,5.68609374214944e-12,"17",78950549,78951640,1092,"-",355,453,619,758,686,293,c("ENSMUST00000119284", "ENSMUST00000003191", "ENSMUST00000168887")
"Slc38a3:E047","ENSMUSG00000010064:E047","ENSMUSG00000010064","E047",61.1780137627874,0.0234457899171012,65.6781871598643,5.30902161585868e-16,8.29078936455891e-12,"9",107668853,107668968,116,"-",10,16,9,145,74,82,c("ENSMUST00000177567", "ENSMUST00000192990", "ENSMUST00000193495", "ENSMUST00000194895")
"Insig2:E035","ENSMUSG00000003721:E035","ENSMUSG00000003721","E035",272.655337773645,0.013411457034782,62.747933618765,2.34927939251048e-15,3.38652238706374e-11,"1",121332492,121332550,59,"-",331,800,774,30,32,24,c("ENSMUST00000071064", "ENSMUST00000161068")
"Fgf1:E013","ENSMUSG00000036585:E013","ENSMUSG00000036585","E013",76.4465975858846,0.00356568228120198,62.5211479619297,2.63598833113713e-15,3.5284021806436e-11,"18",38866551,38866747,197,"-",75,133,144,70,51,34,ENSMUST00000115582
"H2-Q7:E005","ENSMUSG00000060550:E005","ENSMUSG00000060550","E005",130.967918610533,0.00187076225583334,62.2582541617755,3.01243667018412e-15,3.7634772978833e-11,"17",35440185,35442187,2003,"+",141,229,157,150,116,60,ENSMUST00000173788
"Mettl20:E013","ENSMUSG00000039958:E013","ENSMUSG00000039958","E013",131.708812390193,0.0146723722971134,59.0508553947062,1.53649144165775e-14,1.79958679182711e-10,"6",149144443,149145132,690,"+",153,271,124,132,116,62,c("ENSMUST00000111547", "ENSMUST00000111548")
"Psen2:E020","ENSMUSG00000010609:E020","ENSMUSG00000010609","E020",41.2779799640892,0.00371991920350571,54.7044974243944,1.40085347512296e-13,1.54421022751539e-09,"1",180234989,180235173,185,"-",31,67,43,49,39,30,c("ENSMUST00000149590", "ENSMUST00000010753", "ENSMUST00000111106", "ENSMUST00000111105", "ENSMUST00000111104", "ENSMUST00000111108")
"Setd1a+Hsd3b7:E026","ENSMUSG00000042308+ENSMUSG00000042289:E026","ENSMUSG00000042308+ENSMUSG00000042289","E026",17.6303619062144,0.00801778104481808,53.826370964629,2.19013277220119e-13,2.28013506173437e-09,"7",127797327,127797437,111,"+",11,17,24,23,22,12,c("ENSMUST00000047075", "ENSMUST00000154987", "ENSMUST00000047157")
"Insig2:E014","ENSMUSG00000003721:E014","ENSMUSG00000003721","E014",21.0002815713261,0.0221355327383592,53.0588060824762,3.23710483783219e-13,3.19275650155389e-09,"1",121311845,121312200,356,"-",13,21,28,42,14,15,ENSMUST00000162019
"Mir1930+Sumo3+Ube2g2:E010","ENSMUSG00000089424+ENSMUSG00000020265+ENSMUSG00000009293:E010","ENSMUSG00000089424+ENSMUSG00000020265+ENSMUSG00000009293","E010",18.2900490418455,0.00937740966574111,52.9457280203154,3.42892984988149e-13,3.21285583539121e-09,"10",77613709,77613811,103,"+",36,47,37,7,3,0,ENSMUST00000124024
"Chpt1:E009","ENSMUSG00000060002:E009","ENSMUSG00000060002","E009",1599.73369988449,0.000794463216753253,52.468632883984,4.37175409021372e-13,3.90120762497039e-09,"10",88472985,88475332,2348,"-",1996,2460,2743,1483,1279,569,c("ENSMUST00000020253", "ENSMUST00000143108")
"Setd1a+Hsd3b7:E024","ENSMUSG00000042308+ENSMUSG00000042289:E024","ENSMUSG00000042308+ENSMUSG00000042289","E024",47.4372993938565,0.0206086599427043,49.8718633590273,1.64121368077129e-12,1.39799327334317e-08,"7",127795643,127796698,1056,"+",47,59,47,63,51,29,c("ENSMUST00000047075", "ENSMUST00000154987", "ENSMUST00000047157")
"Pnkd:E009","ENSMUSG00000026179:E009","ENSMUSG00000026179","E009",201.550440170938,0.00447114846983792,48.9346256790712,2.64637466930656e-12,2.15618553871322e-08,"1",74287092,74287208,117,"+",151,267,217,257,214,145,c("ENSMUST00000152492", "ENSMUST00000087226", "ENSMUST00000113805")
"Bbox1:E010","ENSMUSG00000041660:E010","ENSMUSG00000041660","E010",28.9840978705744,0.0058627457710882,48.4460794014503,3.39496375607403e-12,2.65085842915419e-08,"2",110314188,110314560,373,"-",39,62,63,14,14,7,ENSMUST00000133608
"Gamt:E003","ENSMUSG00000020150:E003","ENSMUSG00000020150","E003",7.97552455708938,0.0170006021530206,48.0426527268223,4.17047459626233e-12,3.12613771166309e-08,"10",80258577,80258792,216,"-",18,25,13,1,0,0,ENSMUST00000148615
"Pnpla7:E050","ENSMUSG00000036833:E050","ENSMUSG00000036833","E050",16.3983257780612,0.0230772600569741,47.3759460661449,5.85973424170822e-12,4.22344852958998e-08,"2",25050855,25050971,117,"+",5,10,11,40,24,11,c("ENSMUST00000045295", "ENSMUST00000137913", "ENSMUST00000132082")
"Arl4a:E012","ENSMUSG00000047446:E012","ENSMUSG00000047446","E012",262.493935561633,0.00476297035695302,46.5775493140968,8.80634290026891e-12,6.11215644622849e-08,"12",40033291,40035821,2531,"-",180,388,451,213,150,242,ENSMUST00000146905
"Upp2:E006","ENSMUSG00000026839:E006","ENSMUSG00000026839","E006",27.5093216525597,0.0182413381554493,45.8836699851909,1.25487661990287e-11,8.39857549785493e-08,"2",58754942,58755179,238,"+",23,51,22,43,23,16,ENSMUST00000059102
"Dpyd:E010","ENSMUSG00000033308:E010","ENSMUSG00000033308","E010",104.722505108682,0.0113125215420623,45.1761303335064,1.80086728873151e-11,1.1637142320911e-07,"3",118781998,118783279,1282,"+",50,99,62,174,130,102,ENSMUST00000150950
"Setd1a+Hsd3b7:E010","ENSMUSG00000042308+ENSMUSG00000042289:E010","ENSMUSG00000042308+ENSMUSG00000042289","E010",17.1638317309343,0.00731505005385339,44.7356762976278,2.25510639764337e-11,1.40866724533058e-07,"7",127780385,127780655,271,"+",14,20,20,21,19,12,c("ENSMUST00000047075", "ENSMUST00000141439", "ENSMUST00000126761", "ENSMUST00000144406", "ENSMUST00000047157")
"Cd1d1:E004","ENSMUSG00000028076:E004","ENSMUSG00000028076","E004",54.2700756419825,0.0137235773272615,44.5353435693764,2.49806587303451e-11,1.51009693680338e-07,"3",86997617,86997947,331,"-",73,144,97,40,26,5,ENSMUST00000107620
"Slc38a3:E038","ENSMUSG00000010064:E038","ENSMUSG00000010064","E038",31.9835760806127,0.00477334874054646,43.8943961704949,3.46579752789099e-11,2.02962518541934e-07,"9",107659245,107659367,123,"-",35,70,48,27,26,10,ENSMUST00000167868
"Mir22hg+Tlcd2+Mir22:E005","ENSMUSG00000085148+ENSMUSG00000038217+ENSMUSG00000065529:E005","ENSMUSG00000085148+ENSMUSG00000038217+ENSMUSG00000065529","E005",32.6190590781424,0.00964792714464766,43.273723653407,4.75932109428062e-11,2.70267422759062e-07,"11",75463716,75463810,95,"+",23,43,23,50,46,19,c("ENSMUST00000134345", "ENSMUST00000149940", "ENSMUST00000083595", "ENSMUST00000124718")
"Sds:E005","ENSMUSG00000029597:E005","ENSMUSG00000029597","E005",57.7699199922367,0.00603583997707354,42.4964370847355,7.0811095125566e-11,3.90287846860167e-07,"5",120480363,120480575,213,"+",52,91,60,70,47,42,ENSMUST00000124978
"Slc38a3:E048","ENSMUSG00000010064:E048","ENSMUSG00000010064","E048",18.0173258402593,0.0243271970633043,42.2032521967339,8.22631025033001e-11,4.40453103423169e-07,"9",107668969,107669000,32,"-",0,5,3,53,23,20,c("ENSMUST00000192990", "ENSMUST00000193495", "ENSMUST00000194895")
"Gls:E001","ENSMUSG00000026103:E001","ENSMUSG00000026103","E001",44.4801625057725,0.00817289160004083,42.0235660683244,9.01800370394439e-11,4.69429677807796e-07,"1",52163448,52165940,2493,"-",21,15,30,85,61,44,ENSMUST00000114513
"Slc38a3:E039","ENSMUSG00000010064:E039","ENSMUSG00000010064","E039",24.4317842755353,0.0160346044429432,41.1117479683384,1.43769584453782e-10,7.28161859942847e-07,"9",107659368,107659464,97,"-",38,60,32,17,15,5,c("ENSMUST00000167868", "ENSMUST00000193495")
"Psen2:E019","ENSMUSG00000010609:E019","ENSMUSG00000010609","E019",37.4427607261258,0.00844488071386308,40.8577822731792,1.63719990219619e-10,8.07385131768053e-07,"1",180233611,180233709,99,"-",31,48,48,47,39,23,c("ENSMUST00000149590", "ENSMUST00000010753", "ENSMUST00000111106", "ENSMUST00000111105", "ENSMUST00000111104", "ENSMUST00000111108")
"Dnajb11:E020","ENSMUSG00000004460:E020","ENSMUSG00000004460","E020",21.9910838158447,0.0236597548462335,40.1516141379694,2.34997238148293e-10,1.12917378044297e-06,"16",22878403,22879634,1232,"+",8,10,19,39,20,28,ENSMUST00000166487
"Il1rap:E017","ENSMUSG00000022514:E017","ENSMUSG00000022514","E017",148.065797222461,0.0304554781715486,39.9165140981863,2.65052764232749e-10,1.24175232147311e-06,"16",26715069,26717744,2676,"+",78,59,86,300,224,123,ENSMUST00000023156
"Sos2:E012","ENSMUSG00000034801:E012","ENSMUSG00000034801","E012",28.267787902853,0.0122113835474081,39.6592490763068,3.02369330845028e-10,1.38202696322843e-06,"12",69594406,69596643,2238,"-",40,48,54,30,16,5,ENSMUST00000182838
"Mir22hg+Tlcd2+Mir22:E017","ENSMUSG00000085148+ENSMUSG00000038217+ENSMUSG00000065529:E017","ENSMUSG00000085148+ENSMUSG00000038217+ENSMUSG00000065529","E017",306.216559197357,0.00163012038510212,39.1161133838526,3.99334525640133e-10,1.781764097652e-06,"11",75469902,75470203,302,"+",405,706,556,207,152,78,ENSMUST00000153236
"Setd1a+Hsd3b7:E016","ENSMUSG00000042308+ENSMUSG00000042289:E016","ENSMUSG00000042308+ENSMUSG00000042289","E016",30.0882489790478,0.0302254230537554,39.0631107680659,4.10324297094656e-10,1.78822191401505e-06,"7",127784848,127785607,760,"+",29,37,24,40,32,22,c("ENSMUST00000047075", "ENSMUST00000047157")
"Ccrn4l:E007","ENSMUSG00000023087:E007","ENSMUSG00000023087","E007",136.947377807437,0.00494297523546624,37.5139096618967,9.07633932269813e-10,3.86563354558105e-06,"3",51249697,51249786,90,"+",60,84,99,229,161,152,c("ENSMUST00000167780", "ENSMUST00000023849", "ENSMUST00000144826", "ENSMUST00000193018")
"Slc4a4:E005","ENSMUSG00000060961:E005","ENSMUSG00000060961","E005",6.35259850611684,0.0244002771003559,37.3799677386145,9.72155465878873e-10,4.04842261865118e-06,"5",88887862,88888286,425,"+",3,4,0,16,13,3,ENSMUST00000135283
"Hlf:E015","ENSMUSG00000003949:E015","ENSMUSG00000003949","E015",20.0935175233898,0.00958012779904054,36.9718762345382,1.19845472862202e-09,4.69846049510775e-06,"11",90390250,90390895,646,"-",4,4,7,60,31,15,ENSMUST00000004051
"Setd1a+Hsd3b7:E009","ENSMUSG00000042308+ENSMUSG00000042289:E009","ENSMUSG00000042308+ENSMUSG00000042289","E009",7.07242874752399,0.0186974061281086,36.9637387030539,1.20346699128146e-09,4.69846049510775e-06,"7",127778577,127778601,25,"+",1,5,9,11,9,7,c("ENSMUST00000047075", "ENSMUST00000141439", "ENSMUST00000126761", "ENSMUST00000144406", "ENSMUST00000047157")
"Serpina1e:E007","ENSMUSG00000072849:E007","ENSMUSG00000072849","E007",108.864596786238,0.0828560710131224,36.9997900297787,1.18141968085794e-09,4.69846049510775e-06,"12",103958734,103958975,242,"-",104,186,135,125,110,49,ENSMUST00000122229
"Errfi1:E001","ENSMUSG00000028967:E001","ENSMUSG00000028967","E001",23.4231451112407,0.00826421445347675,36.8132912560061,1.30000941988992e-09,4.97179316855331e-06,"4",150853919,150854105,187,"+",4,5,5,57,40,23,ENSMUST00000073600
"Als2+Mpp4:E007","ENSMUSG00000026024+ENSMUSG00000079550:E007","ENSMUSG00000026024+ENSMUSG00000079550","E007",6.0165673566892,0.0247060549267828,36.621094583509,1.4347072587238e-09,5.37719672326129e-06,"1",59124631,59124739,109,"-",0,1,1,13,8,9,c("ENSMUST00000186477", "ENSMUST00000191200", "ENSMUST00000114275", "ENSMUST00000078874", "ENSMUST00000066374", "ENSMUST00000187825", "ENSMUST00000188494")
"Fam107b:E008","ENSMUSG00000026655:E008","ENSMUSG00000026655","E008",26.6767233248051,0.0433308980163607,36.1667972068584,1.81130475972597e-09,6.65555055016406e-06,"2",3770708,3770761,54,"+",35,87,59,6,4,3,ENSMUST00000177037
"Pnkd:E023","ENSMUSG00000026179:E023","ENSMUSG00000026179","E023",546.487092096875,0.0144878102624361,35.981654217863,1.99184094309713e-09,7.042736173841e-06,"1",74351758,74353684,1927,"+",617,1085,1219,417,241,166,c("ENSMUST00000087226", "ENSMUST00000027370", "ENSMUST00000087225")
"Pik3c2g:E043","ENSMUSG00000030228:E043","ENSMUSG00000030228","E043",40.5819503779876,0.0211749818981148,36.003007785361,1.97013181752935e-09,7.042736173841e-06,"6",139860383,139861755,1373,"+",110,55,92,9,4,2,ENSMUST00000187223
"Fabp5:E003","ENSMUSG00000027533:E003","ENSMUSG00000027533","E003",6.69143067618154,0.0157856429355521,35.5442012412564,2.49328166916996e-09,8.65247231402672e-06,"3",10012719,10014970,2252,"+",20,21,3,1,1,0,ENSMUST00000123744
"Trip4:E001","ENSMUSG00000032386:E001","ENSMUSG00000032386","E001",101.864980994543,0.00314855495534818,35.213133797149,2.95523776705898e-09,1.00691398515191e-05,"9",65828930,65831135,2206,"-",79,92,109,139,147,61,ENSMUST00000179395
"Pnkd:E010","ENSMUSG00000026179:E010","ENSMUSG00000026179","E010",139.058276740351,0.00264458222053897,35.1298964856191,3.08429082509413e-09,1.03211937098244e-05,"1",74287209,74287273,65,"+",118,179,160,183,116,106,c("ENSMUST00000152492", "ENSMUST00000113805")
"Als2+Mpp4:E006","ENSMUSG00000026024+ENSMUSG00000079550:E006","ENSMUSG00000026024+ENSMUSG00000079550","E006",6.69168116553334,0.0303785628227374,34.927380021268,3.4223425779475e-09,1.12515216154321e-05,"1",59123443,59123577,135,"-",0,2,1,15,8,10,c("ENSMUST00000186477", "ENSMUST00000191200", "ENSMUST00000114275", "ENSMUST00000078874", "ENSMUST00000066374", "ENSMUST00000187825", "ENSMUST00000188494")
"Myo1b:E054","ENSMUSG00000018417:E054","ENSMUSG00000018417","E054",212.389454229431,0.00232436802657251,34.6937807610761,3.85862331186203e-09,1.24671453926381e-05,"1",51895965,51896301,337,"-",290,391,358,185,127,69,ENSMUST00000144694
"Ang+Rnase4:E001","ENSMUSG00000072115+ENSMUSG00000021876:E001","ENSMUSG00000072115+ENSMUSG00000021876","E001",258.250244790195,0.00376422617284763,34.5777238989212,4.09566521371616e-09,1.30087351534706e-05,"14",51091077,51091253,177,"+",72,154,156,361,369,321,c("ENSMUST00000171688", "ENSMUST00000022428")
"4933434E20Rik:E032","ENSMUSG00000027942:E032","ENSMUSG00000027942","E032",60.4303288188286,0.00436922035645852,34.4704495430562,4.32771966827685e-09,1.35166947112679e-05,"3",90065510,90068347,2838,"+",46,52,47,84,83,48,ENSMUST00000029551
"Plin2:E001","ENSMUSG00000028494:E001","ENSMUSG00000028494","E001",14.3409027022249,0.0239386849104719,34.3236781799062,4.66669379816196e-09,1.43364658638387e-05,"4",86648386,86648579,194,"-",6,5,5,14,12,28,ENSMUST00000154999
"Pnpla7:E022","ENSMUSG00000036833:E022","ENSMUSG00000036833","E022",9.62283123616762,0.0118329108400588,34.2808710028008,4.7704776306542e-09,1.44189225250275e-05,"2",24995278,24995310,33,"+",5,5,7,20,14,7,c("ENSMUST00000045295", "ENSMUST00000139643", "ENSMUST00000152777", "ENSMUST00000137913")
"Ces3b:E006","ENSMUSG00000062181:E006","ENSMUSG00000062181","E006",44.5131209112994,0.0211132810783084,34.0343326938293,5.41481531175139e-09,1.61066689678774e-05,"8",105085396,105085555,160,"+",64,98,72,37,30,6,ENSMUST00000173838
"Pxmp4:E003","ENSMUSG00000000876:E003","ENSMUSG00000000876","E003",115.012642293099,0.00253469615942753,33.8424898932497,5.97593327206221e-09,1.7497999490385e-05,"2",154595246,154595570,325,"-",160,201,190,78,71,51,ENSMUST00000109703
"Qk:E001","ENSMUSG00000062078:E001","ENSMUSG00000062078","E001",674.954313558939,0.00250035512171114,33.7415192734513,6.29428449316161e-09,1.8146615864077e-05,"17",10206471,10209631,3161,"-",644,631,695,972,677,496,ENSMUST00000097414
"Slc38a3:E021","ENSMUSG00000010064:E021","ENSMUSG00000010064","E021",18.9557956953053,0.0467443011542606,33.5226905304482,7.04374488302891e-09,1.99996463612874e-05,"9",107656402,107656455,54,"-",39,50,22,10,6,3,c("ENSMUST00000195033", "ENSMUST00000194895")
"Insig2:E031","ENSMUSG00000003721:E031","ENSMUSG00000003721","E031",26.4620663057059,0.0615752021499892,33.0201755706234,9.12074678990532e-09,2.5510456510267e-05,"1",121327721,121327746,26,"-",7,35,37,41,40,12,c("ENSMUST00000003818", "ENSMUST00000162582", "ENSMUST00000160688", "ENSMUST00000160968")
"Cyp4a12b:E009","ENSMUSG00000078597:E009","ENSMUSG00000078597","E009",36.5723558308838,0.00507058106765622,31.6888582523902,1.80957375552438e-08,4.98689254505886e-05,"4",115433959,115434092,134,"+",16,11,12,85,100,5,ENSMUST00000094887
"Acsm3:E017","ENSMUSG00000030935:E017","ENSMUSG00000030935","E017",15.2376432487788,0.01530326158319,31.5106257912111,1.98351858879599e-08,5.38703526064641e-05,"7",119778460,119779229,770,"+",23,42,29,8,4,2,ENSMUST00000149766
"Cntf+Zfp91:E001","ENSMUSG00000079415+ENSMUSG00000024695:E001","ENSMUSG00000079415+ENSMUSG00000024695","E001",31.6617878299305,0.0152122699613996,31.4556071742857,2.04052498685627e-08,5.46268944231292e-05,"19",12763660,12764380,721,"-",9,14,23,46,51,35,c("ENSMUST00000112933", "ENSMUST00000142247")
"Ddx5+Mir3064+Gm25994:E017","ENSMUSG00000020719+ENSMUSG00000093273+ENSMUSG00000093133:E017","ENSMUSG00000020719+ENSMUSG00000093273+ENSMUSG00000093133","E017",448.207474535431,0.00073690377219938,31.4033841826072,2.09615228882166e-08,5.53257254180721e-05,"11",106783959,106784018,60,"-",468,705,521,473,446,243,c("ENSMUST00000106778", "ENSMUST00000021062", "ENSMUST00000133426")
"Itih3:E023","ENSMUSG00000006522:E023","ENSMUSG00000006522","E023",165.957255668027,0.0135229424284485,31.2275600477375,2.29484864660132e-08,5.97288544204371e-05,"14",30917788,30918274,487,"-",177,403,198,132,132,68,ENSMUST00000112141
"Tor1aip2:E013","ENSMUSG00000050565:E013","ENSMUSG00000050565","E013",748.897041848847,0.00206467872987516,31.1774909451754,2.35480770170886e-08,6.04498491612515e-05,"1",156051670,156053529,1860,"+",903,1286,1210,677,505,332,c("ENSMUST00000065648", "ENSMUST00000128941", "ENSMUST00000097526", "ENSMUST00000111754")
"Lag3:E002","ENSMUSG00000030124:E002","ENSMUSG00000030124","E002",31.3474300552808,0.00562000576550571,31.1482889153423,2.39049985850062e-08,6.05368245923569e-05,"6",124904838,124904968,131,"-",15,31,41,40,28,32,ENSMUST00000032217
"Ptp4a1:E001","ENSMUSG00000026064:E001","ENSMUSG00000026064","E001",696.056355770692,0.00937869957467822,31.0641494022966,2.49639864029741e-08,6.23459249740092e-05,"1",30940302,30941579,1278,"-",338,317,400,1109,800,884,ENSMUST00000027232
"ENSMUSG00000079360+Gm3839:E001","ENSMUSG00000079360+ENSMUSG00000097148:E001","ENSMUSG00000079360+ENSMUSG00000097148","E001",214.352812159455,0.0108958732812051,31.0393667576752,2.52847713571973e-08,6.23459249740092e-05,"14",11280735,11280931,197,"-",305,202,245,221,149,167,ENSMUST00000181173
"Brwd1:E060","ENSMUSG00000022914:E060","ENSMUSG00000022914","E060",137.57250019999,0.00277659997333222,31.0091023381746,2.56821178328909e-08,6.25032705913021e-05,"16",96066668,96068476,1809,"-",167,203,187,146,114,67,ENSMUST00000113827
"Nabp1:E002","ENSMUSG00000026107:E002","ENSMUSG00000026107","E002",59.9257312370012,0.0047410357678405,30.9345237778534,2.66881777785017e-08,6.41190314251011e-05,"1",51466007,51468689,2683,"-",58,38,31,82,88,50,c("ENSMUST00000189542", "ENSMUST00000186003")
"Rnasek+Gm21988+0610010K14Rik:E026","ENSMUSG00000093989+ENSMUSG00000040904+ENSMUSG00000020831:E026","ENSMUSG00000093989+ENSMUSG00000040904+ENSMUSG00000020831","E026",21.0217982448837,0.00615415932374172,30.4997155204116,3.33915468476722e-08,7.92085532229522e-05,"11",70237854,70237861,8,"-",31,41,35,10,12,9,c("ENSMUST00000108577", "ENSMUST00000108578", "ENSMUST00000108579", "ENSMUST00000102569", "ENSMUST00000021181", "ENSMUST00000021180", "ENSMUST00000176116", "ENSMUST00000150504", "ENSMUST00000176268")
"Sra1:E016","ENSMUSG00000006050:E016","ENSMUSG00000006050","E016",17.3496571123643,0.0182025329493608,30.21936978599,3.85836767158429e-08,9.03808158189851e-05,"18",36670307,36671159,853,"-",9,6,5,25,36,16,ENSMUST00000173875
"Sigmar1:E016","ENSMUSG00000036078:E016","ENSMUSG00000036078","E016",28.1412428956167,0.0153649727415419,30.1617100552393,3.97479927423147e-08,9.19586987152042e-05,"4",41745002,41745072,71,"-",53,85,50,5,5,2,ENSMUST00000148223
"Gne:E034","ENSMUSG00000028479:E034","ENSMUSG00000028479","E034",13.7352591374338,0.01332017474633,30.1281421786116,4.04419692065096e-08,9.20556965618638e-05,"4",44072603,44072624,22,"-",21,29,18,8,8,6,c("ENSMUST00000173569", "ENSMUST00000133709", "ENSMUST00000102936")
"Tmed5:E012","ENSMUSG00000063406:E012","ENSMUSG00000063406","E012",73.1709098173822,0.00356555702380537,30.1123620783931,4.07723859754142e-08,9.20556965618638e-05,"5",108132534,108132549,16,"-",87,113,77,57,64,53,c("ENSMUST00000002837", "ENSMUST00000119437", "ENSMUST00000118036", "ENSMUST00000061203")
"Rmdn2:E002","ENSMUSG00000036368:E002","ENSMUSG00000036368","E002",148.041814267829,0.00455239711539167,30.0126764439303,4.29231112436191e-08,9.57578842585772e-05,"17",79621306,79621772,467,"+",188,274,256,133,100,44,ENSMUST00000040368
"Setd1a+Hsd3b7:E019","ENSMUSG00000042308+ENSMUSG00000042289:E019","ENSMUSG00000042308+ENSMUSG00000042289","E019",18.3274953127995,0.018773781390112,29.8752452079252,4.6075819994746e-08,0.00010158200517124,"7",127787126,127787302,177,"+",16,17,30,26,19,9,c("ENSMUST00000047075", "ENSMUST00000154987", "ENSMUST00000047157")
"Slc38a3:E040","ENSMUSG00000010064:E040","ENSMUSG00000010064","E040",18.5448983177161,0.0384095001778824,29.7963529769899,4.79893890981416e-08,0.000104570552893307,"9",107659465,107659528,64,"-",34,48,21,8,9,5,ENSMUST00000167868
"Slc38a3:E020","ENSMUSG00000010064:E020","ENSMUSG00000010064","E020",26.4055665589517,0.0566082428697134,29.6130838901733,5.27476866061909e-08,0.000113617910654487,"9",107656271,107656401,131,"-",51,66,34,21,8,3,ENSMUST00000194895
"Tex2:E017","ENSMUSG00000040548:E017","ENSMUSG00000040548","E017",10.3771386694857,0.00972673137932483,29.3022009647246,6.19253154184801e-08,0.000131870662880419,"11",106580425,106580600,176,"-",17,29,24,3,2,0,ENSMUST00000153870
"Otc:E011","ENSMUSG00000031173:E011","ENSMUSG00000031173","E011",147.319990060455,0.00723416531055538,29.1385953534409,6.73812122882412e-08,0.000141876820664939,"X",10314943,10316864,1922,"+",206,268,243,110,100,50,ENSMUST00000115528
"Hlf:E012","ENSMUSG00000003949:E012","ENSMUSG00000003949","E012",25.1445286997562,0.00491949709160173,29.0023181080545,7.22917392815423e-08,0.00015052505629048,"11",90388122,90388207,86,"-",25,39,43,29,17,12,ENSMUST00000107881
"Pnpla7:E007","ENSMUSG00000036833:E007","ENSMUSG00000036833","E007",8.35901871145942,0.0117116482830297,28.342897727559,1.01618943273059e-07,0.000206990055571102,"2",24976218,24976313,96,"+",5,5,5,14,13,7,c("ENSMUST00000045295", "ENSMUST00000153618", "ENSMUST00000152777", "ENSMUST00000139031", "ENSMUST00000139643")
"Whsc1l1:E013","ENSMUSG00000054823:E013","ENSMUSG00000054823","E013",99.0843936758005,0.0018649162538101,28.3475936520687,1.01372736910922e-07,0.000206990055571102,"8",25673435,25674435,1001,"+",137,139,162,87,69,45,ENSMUST00000136107
"Serpinc1:E005","ENSMUSG00000026715:E005","ENSMUSG00000026715","E005",365.42162790521,0.0011457718667081,28.2478654219059,1.0673226842345e-07,0.000215067816190852,"1",160978688,160978715,28,"+",395,576,462,372,294,222,c("ENSMUST00000191936", "ENSMUST00000193477", "ENSMUST00000195760", "ENSMUST00000064725", "ENSMUST00000195438")
"Setd1a+Hsd3b7:E006","ENSMUSG00000042308+ENSMUSG00000042289:E006","ENSMUSG00000042308+ENSMUSG00000042289","E006",9.22941324528612,0.0137565566675892,28.1846879126873,1.10273509468421e-07,0.000219839626104826,"7",127778113,127778277,165,"+",4,10,13,10,11,8,c("ENSMUST00000047075", "ENSMUST00000126761", "ENSMUST00000144406", "ENSMUST00000143951", "ENSMUST00000047157")
"Glyat:E001","ENSMUSG00000063683:E001","ENSMUSG00000063683","E001",97.4200842155107,0.00205733838892564,28.1394550773238,1.12881015987555e-07,0.000222669092137051,"19",12633308,12633514,207,"+",91,168,156,89,87,46,ENSMUST00000044976
"Tmpo:E007","ENSMUSG00000019961:E007","ENSMUSG00000019961","E007",137.014987709414,0.00306138784306649,28.0993039637641,1.15247300455021e-07,0.000224968732951766,"10",91160417,91163361,2945,"-",209,223,201,115,92,53,ENSMUST00000020123
"Prkd3:E017","ENSMUSG00000024070:E017","ENSMUSG00000024070","E017",239.821558680466,0.00445863737086195,27.9968691951646,1.21511884723547e-07,0.000234551845940526,"17",78971555,78971840,286,"-",299,319,423,223,184,105,c("ENSMUST00000118991", "ENSMUST00000124229")
"Serpinc1:E004","ENSMUSG00000026715:E004","ENSMUSG00000026715","E004",191.726492888994,0.00422513536056226,27.9786740937389,1.22659812601971e-07,0.000234551845940526,"1",160978652,160978687,36,"+",238,300,274,171,137,106,c("ENSMUST00000191936", "ENSMUST00000193477", "ENSMUST00000064725", "ENSMUST00000195438")
"Igf1:E008","ENSMUSG00000020053:E008","ENSMUSG00000020053","E008",99.86637032011,0.01072743180651,27.6666234239398,1.44128145632886e-07,0.000270158338002791,"10",87860606,87861295,690,"+",139,166,124,100,85,37,c("ENSMUST00000062862", "ENSMUST00000121161")
"Smpd3:E001","ENSMUSG00000031906:E001","ENSMUSG00000031906","E001",28.5850873639677,0.0303787135565321,27.6661470862583,1.44163640828183e-07,0.000270158338002791,"8",106252548,106255360,2813,"-",11,14,15,143,7,8,ENSMUST00000067512
"Atp5g1:E012","ENSMUSG00000006057:E012","ENSMUSG00000006057","E012",275.69830986912,0.001763586415217,27.4412268595215,1.61941848010694e-07,0.000300469470214456,"11",96075627,96075670,44,"-",265,480,312,305,261,150,ENSMUST00000090541
"Prkd3:E005","ENSMUSG00000024070:E005","ENSMUSG00000024070","E005",113.53412902466,0.00331975225688177,27.3658312292594,1.6838027781739e-07,0.000309352538452405,"17",78954474,78954741,268,"-",66,104,132,185,168,59,c("ENSMUST00000118768", "ENSMUST00000119284", "ENSMUST00000003191", "ENSMUST00000168887")
"Rbm15b+Manf:E004","ENSMUSG00000074102+ENSMUSG00000032575:E004","ENSMUSG00000074102+ENSMUSG00000032575","E004",105.554072567818,0.0501687369193129,27.3179324465203,1.72603241222279e-07,0.000314032326168266,"9",106880918,106884750,3833,"-",67,81,142,144,115,88,ENSMUST00000055843
"Acss3:E017","ENSMUSG00000035948:E017","ENSMUSG00000035948","E017",5.99665569735662,0.0241504963224711,27.1375973420078,1.8947688331197e-07,0.000341417302903973,"10",107105993,107107433,1441,"-",6,3,5,11,4,6,ENSMUST00000065567
"Asl:E034","ENSMUSG00000025533:E034","ENSMUSG00000025533","E034",31.9230693567092,0.00497835439948842,26.8950180518772,2.14811893561119e-07,0.000383381946834981,"5",130024318,130024345,28,"-",24,52,40,39,34,17,c("ENSMUST00000160129", "ENSMUST00000159619", "ENSMUST00000160557", "ENSMUST00000161094", "ENSMUST00000162230")
"Luc7l:E031","ENSMUSG00000024188:E031","ENSMUSG00000024188","E031",115.699746426063,0.00433103580254121,26.7030143903787,2.37251106609779e-07,0.000413025096572476,"17",26281993,26285504,3512,"+",76,97,94,156,149,107,ENSMUST00000114976
"Fgf1:E010","ENSMUSG00000036585:E010","ENSMUSG00000036585","E010",142.742687920317,0.00162884916116267,26.7021326499081,2.37359395553722e-07,0.000413025096572476,"18",38858568,38858748,181,"-",134,177,211,170,121,89,c("ENSMUST00000134864", "ENSMUST00000040647", "ENSMUST00000131348", "ENSMUST00000117566", "ENSMUST00000139972", "ENSMUST00000115582", "ENSMUST00000147607")
"Pnpla7:E006","ENSMUSG00000036833:E006","ENSMUSG00000036833","E006",8.74884084152936,0.0119505497083956,26.6966551310665,2.38033215205299e-07,0.000413025096572476,"2",24976148,24976217,70,"+",4,6,7,14,14,7,c("ENSMUST00000153618", "ENSMUST00000137913", "ENSMUST00000152777", "ENSMUST00000139031", "ENSMUST00000045295", "ENSMUST00000139643")
"Ttc38:E003","ENSMUSG00000035944:E003","ENSMUSG00000035944","E003",3.43752107814928,0.0287588577957152,26.586511122175,2.51997024003595e-07,0.000433242993644053,"15",85832976,85833068,93,"+",0,0,0,9,6,4,ENSMUST00000133158
"Setd1a+Hsd3b7:E018","ENSMUSG00000042308+ENSMUSG00000042289:E018","ENSMUSG00000042308+ENSMUSG00000042289","E018",20.6020346863861,0.0267844020958525,26.4465240530726,2.70935578230343e-07,0.000461568314123924,"7",127785881,127786672,792,"+",18,18,35,27,23,10,c("ENSMUST00000047075", "ENSMUST00000154987", "ENSMUST00000047157")
"Gm14435:E007","ENSMUSG00000089951:E007","ENSMUSG00000089951","E007",31.6557937353959,0.0339172923702043,26.1533792881646,3.15344754419158e-07,0.000532384332827811,"2",176435448,176435761,314,"+",8,18,21,46,54,33,ENSMUST00000108995
"Tmcc1:E020","ENSMUSG00000030126:E020","ENSMUSG00000030126","E020",34.2814116684507,0.00661686722396014,26.0909084809018,3.25714077045233e-07,0.000544980722286121,"6",116133904,116134320,417,"-",29,45,56,47,32,15,c("ENSMUST00000032222", "ENSMUST00000088896", "ENSMUST00000173110", "ENSMUST00000173031")
"Ghr:E012","ENSMUSG00000055737:E012","ENSMUSG00000055737","E012",80.7409097443052,0.00846805362610108,26.0586801030772,3.31196512253233e-07,0.000549249847847071,"15",3345227,3346508,1282,"-",109,147,133,77,45,28,ENSMUST00000162993
"Gm28048+Commd1+Gm12057+Gm12057+B3gnt2:E010","ENSMUSG00000098650+ENSMUSG00000051355+ENSMUSG00000084081+ENSMUSG00000101716+ENSMUSG00000051650:E010","ENSMUSG00000098650+ENSMUSG00000051355+ENSMUSG00000084081+ENSMUSG00000101716+ENSMUSG00000051650","E010",274.364988437329,0.00786468797075664,26.0374374155375,3.34860634552564e-07,0.000550455073098657,"11",22834865,22836582,1718,"-",208,241,267,420,319,209,c("ENSMUST00000055549", "ENSMUST00000160826", "ENSMUST00000062844")
"Caprin1:E043","ENSMUSG00000027184:E043","ENSMUSG00000027184","E043",28.6687317913549,0.0058203512749386,25.9880519409293,3.43536891450144e-07,0.000559712084053554,"2",103796188,103796451,264,"-",21,32,22,42,24,29,ENSMUST00000145697
"Setd1a+Hsd3b7:E008","ENSMUSG00000042308+ENSMUSG00000042289:E008","ENSMUSG00000042308+ENSMUSG00000042289","E008",6.08248062173885,0.03188714824242,25.9716638676361,3.46465534401363e-07,0.000559712084053554,"7",127778566,127778576,11,"+",1,4,9,8,8,6,c("ENSMUST00000047075", "ENSMUST00000126761", "ENSMUST00000144406", "ENSMUST00000047157")
"Fam160a1+Arfip1+Glt28d2+Gm37240:E002","ENSMUSG00000051000+ENSMUSG00000074513+ENSMUSG00000031286+ENSMUSG00000102805:E002","ENSMUSG00000051000+ENSMUSG00000074513+ENSMUSG00000031286+ENSMUSG00000102805","E002",150.484093854632,0.00213235398466932,25.5972378005327,4.20641107847937e-07,0.000673734031516067,"3",84496426,84497203,778,"-",124,194,170,192,153,104,c("ENSMUST00000154148", "ENSMUST00000098990")
"Slc30a10:E004","ENSMUSG00000026614:E004","ENSMUSG00000026614","E004",813.742280016045,0.00948883599548297,25.5412559016355,4.33024016472389e-07,0.000682862160212274,"1",185464077,185468762,4686,"+",1124,1551,1839,448,431,174,ENSMUST00000061093
"Cep70:E021","ENSMUSG00000056267:E021","ENSMUSG00000056267","E021",16.4575131380031,0.00886358521741028,25.5385663049721,4.336280573609e-07,0.000682862160212274,"9",99263810,99264928,1119,"+",27,39,37,6,6,1,ENSMUST00000190715
"Bcr:E023","ENSMUSG00000009681:E023","ENSMUSG00000009681","E023",116.542104711894,0.00525683667670661,25.5054765141488,4.41128992066592e-07,0.000688885414385859,"10",75182240,75184923,2684,"+",94,110,144,181,114,80,ENSMUST00000164107
"Pnrc1:E006","ENSMUSG00000040128:E006","ENSMUSG00000040128","E006",5.78075705424113,0.0765926762725758,25.4252668809946,4.59855547783743e-07,0.000708634140724187,"4",33289995,33290163,169,"-",9,22,10,2,0,0,ENSMUST00000137589
"Setd1a+Hsd3b7:E029","ENSMUSG00000042308+ENSMUSG00000042289:E029","ENSMUSG00000042308+ENSMUSG00000042289","E029",19.3127165978234,0.0224799835930705,25.4190575964854,4.61338042595937e-07,0.000708634140724187,"7",127799306,127799390,85,"+",19,30,19,19,25,10,c("ENSMUST00000047075", "ENSMUST00000154987", "ENSMUST00000047157")
"Itih3:E011","ENSMUSG00000006522:E011","ENSMUSG00000006522","E011",25.4641065712299,0.0049788300427501,25.3525395831511,4.77523295285429e-07,0.000721664781988739,"14",30912730,30912810,81,"-",23,65,38,20,19,9,c("ENSMUST00000166622", "ENSMUST00000169620")
"Zbtb22+Tapbp:E005","ENSMUSG00000051390+ENSMUSG00000024308:E005","ENSMUSG00000051390+ENSMUSG00000024308","E005",142.351423551949,0.00833501161009587,25.3666783894452,4.74036042813499e-07,0.000721664781988739,"17",33917143,33919324,2182,"+",179,252,196,115,96,78,ENSMUST00000053429
"Wac:E054","ENSMUSG00000024283:E054","ENSMUSG00000024283","E054",31.693958269603,0.00477416623536614,25.3099228112458,4.88190838368546e-07,0.000731883988302003,"18",7927520,7929028,1509,"+",39,45,55,24,26,15,ENSMUST00000167020
"Rnasek+Gm21988+0610010K14Rik:E025","ENSMUSG00000093989+ENSMUSG00000040904+ENSMUSG00000020831:E025","ENSMUSG00000093989+ENSMUSG00000040904+ENSMUSG00000020831","E025",34.0856475620942,0.00387434891918364,25.2305249831901,5.08706506027575e-07,0.00075658788182579,"11",70237805,70237853,49,"-",46,57,53,26,23,16,c("ENSMUST00000108575", "ENSMUST00000108577", "ENSMUST00000108578", "ENSMUST00000108579", "ENSMUST00000102569", "ENSMUST00000021181", "ENSMUST00000021180", "ENSMUST00000176116", "ENSMUST00000150504", "ENSMUST00000176268")
"Rhbdd2:E016","ENSMUSG00000039917:E016","ENSMUSG00000039917","E016",47.0999750660624,0.00479453486673142,25.2119318080017,5.13634407833886e-07,0.000757901945864935,"5",135644528,135646376,1849,"+",16,26,11,95,64,54,c("ENSMUST00000136748", "ENSMUST00000043707")
"Dclre1a:E002","ENSMUSG00000025077:E002","ENSMUSG00000025077","E002",63.2969264795923,0.00443103302195829,25.1563118661976,5.2866339764108e-07,0.000773983865060512,"19",56529169,56529581,413,"-",31,51,35,97,80,69,c("ENSMUST00000183143", "ENSMUST00000182058", "ENSMUST00000182276")
"Apoa1:E003","ENSMUSG00000032083:E003","ENSMUSG00000032083","E003",44.1211076232065,0.0341688460290904,25.1124974671697,5.40812254466835e-07,0.000785632512017995,"9",46228737,46228937,201,"+",49,107,77,25,26,16,ENSMUST00000132155
"Tigd5+ENSMUSG00000047166:E004","ENSMUSG00000103906+ENSMUSG00000047166:E004","ENSMUSG00000103906+ENSMUSG00000047166","E004",15.3936615826224,0.0142562341425997,25.0805284046235,5.49852906386941e-07,0.000792621423832258,"15",75910469,75912148,1680,"+",10,25,35,15,11,7,c("ENSMUST00000192937", "ENSMUST00000050151")
"Hnrnpa2b1:E005","ENSMUSG00000004980:E005","ENSMUSG00000004980","E005",392.199305940148,0.00189929912159047,25.0441811325767,5.60315906814048e-07,0.000801538320528489,"6",51461920,51462055,136,"-",364,456,450,474,365,297,c("ENSMUST00000090002", "ENSMUST00000114459")
"Slc1a2:E034","ENSMUSG00000005089:E034","ENSMUSG00000005089","E034",1717.01244225906,0.00807544849213706,24.9751468270113,5.80741042704208e-07,0.000824463099845762,"2",102781744,102790784,9041,"+",736,1122,1493,2909,2369,1531,ENSMUST00000080210
"Fdft1:E008","ENSMUSG00000021273:E008","ENSMUSG00000021273","E008",213.198973272755,0.00991238231029108,24.9392455144708,5.91656515003475e-07,0.000829734983613536,"14",63177683,63177793,111,"-",268,638,298,116,99,62,ENSMUST00000054963
"Ensa:E004","ENSMUSG00000038619:E004","ENSMUSG00000038619","E004",186.246702015889,0.00304730097373347,24.9338655958634,5.93309859838812e-07,0.000829734983613536,"3",95628708,95630493,1786,"+",194,245,246,185,145,138,ENSMUST00000037983
"Rhobtb1:E001","ENSMUSG00000019944:E001","ENSMUSG00000019944","E001",20.0446715425404,0.044153333587017,24.7503599623702,6.52566126402071e-07,0.000905843958439769,"10",69151434,69151488,55,"+",25,35,45,8,4,13,ENSMUST00000167286
"St3gal5:E002","ENSMUSG00000056091:E002","ENSMUSG00000056091","E002",26.6315143254355,0.0172159986960373,24.6529786288861,6.86385836555081e-07,0.00093888063221104,"6",72097623,72097756,134,"+",18,33,18,51,19,24,c("ENSMUST00000069994", "ENSMUST00000114112")
"Tmed5:E011","ENSMUSG00000063406:E011","ENSMUSG00000063406","E011",82.3638300081907,0.00440265293709831,24.6621918854558,6.83112265518653e-07,0.00093888063221104,"5",108132531,108132533,3,"-",100,123,81,69,76,58,c("ENSMUST00000117759", "ENSMUST00000002837", "ENSMUST00000119437", "ENSMUST00000118036", "ENSMUST00000061203")
"Ctsh:E031","ENSMUSG00000032359:E031","ENSMUSG00000032359","E031",840.905691351835,0.000514912661431333,24.5652695078193,7.18348367036478e-07,0.00097548064447489,"9",90071886,90071925,40,"+",471,937,798,1189,1042,677,c("ENSMUST00000185459", "ENSMUST00000123320", "ENSMUST00000034915", "ENSMUST00000127842", "ENSMUST00000151219")
"Insig2:E030","ENSMUSG00000003721:E030","ENSMUSG00000003721","E030",23.4988036684205,0.110131195969022,24.4937053203796,7.45530043138358e-07,0.000990851726907794,"1",121327720,121327720,1,"-",3,28,33,37,38,12,c("ENSMUST00000003818", "ENSMUST00000162582", "ENSMUST00000160688")
"Ndufv3:E008","ENSMUSG00000024038:E008","ENSMUSG00000024038","E008",75.6932224862501,0.00299215056753502,24.493945477078,7.4543712299827e-07,0.000990851726907794,"17",31527614,31527839,226,"+",44,94,71,107,88,60,c("ENSMUST00000189436", "ENSMUST00000046288")
"Pnkd:E007","ENSMUSG00000026179:E007","ENSMUSG00000026179","E007",257.082770078395,0.013460532111974,24.4952477560363,7.4493345439645e-07,0.000990851726907794,"1",74285842,74286010,169,"+",188,375,253,317,276,188,c("ENSMUST00000152492", "ENSMUST00000138620", "ENSMUST00000129219", "ENSMUST00000087226", "ENSMUST00000113805", "ENSMUST00000027370")
"Ikbkg:E043","ENSMUSG00000004221:E043","ENSMUSG00000004221","E043",105.278991524276,0.00219167192901492,24.3847082078133,7.88924434224687e-07,0.00103453158327543,"X",74451521,74453778,2258,"+",84,121,101,158,140,57,c("ENSMUST00000004330", "ENSMUST00000114130", "ENSMUST00000164101", "ENSMUST00000114133", "ENSMUST00000180230")
"C4bp-ps1+Gm29427+Pfkfb2:E046","ENSMUSG00000100257+ENSMUSG00000101904+ENSMUSG00000026409:E046","ENSMUSG00000100257+ENSMUSG00000101904+ENSMUSG00000026409","E046",15.0428959195312,0.015914490367748,24.3834584217246,7.89436417916967e-07,0.00103453158327543,"1",130718822,130718975,154,"-",1,3,5,27,25,20,ENSMUST00000189534
"Pbld2:E018","ENSMUSG00000020072:E018","ENSMUSG00000020072","E018",130.265823680784,0.00387778601212032,24.3233590059242,8.14453847846435e-07,0.00105990422031166,"10",63066525,63066623,99,"+",115,233,177,159,121,55,c("ENSMUST00000178684", "ENSMUST00000020266")
"Asph:E015","ENSMUSG00000028207:E015","ENSMUSG00000028207","E015",117.428684548133,0.00238900640855564,24.2389899250325,8.50921139826464e-07,0.00109972461269007,"4",9575267,9576973,1707,"-",105,118,128,176,98,93,c("ENSMUST00000124408", "ENSMUST00000084915", "ENSMUST00000108337", "ENSMUST00000108334", "ENSMUST00000108335", "ENSMUST00000108333")
"Glyctk:E002","ENSMUSG00000020258:E002","ENSMUSG00000020258","E002",2286.58558006394,0.00138582975811444,24.2213989835016,8.58728466478893e-07,0.00110221327693661,"9",106152869,106156107,3239,"-",2176,2753,2787,2934,2192,1461,c("ENSMUST00000036382", "ENSMUST00000112543")
"Ilk:E034","ENSMUSG00000030890:E034","ENSMUSG00000030890","E034",127.425612468916,0.00176698415137168,24.1855333772843,8.74869817652959e-07,0.00111529237563749,"7",105742207,105742337,131,"+",111,132,128,177,162,78,c("ENSMUST00000138150", "ENSMUST00000163389", "ENSMUST00000130565", "ENSMUST00000033182", "ENSMUST00000149695")
"Lrrc28:E016","ENSMUSG00000030556:E016","ENSMUSG00000030556","E016",23.9713590728815,0.00747825269648066,24.1709531158162,8.81518341655375e-07,0.00111617495048103,"7",67594399,67595400,1002,"-",28,41,25,27,26,9,ENSMUST00000032775
"Ddx5+Mir3064+Gm25994:E008","ENSMUSG00000020719+ENSMUSG00000093273+ENSMUSG00000093133:E008","ENSMUSG00000020719+ENSMUSG00000093273+ENSMUSG00000093133","E008",280.96103348827,0.0101606443763825,24.11625303843,9.06916071378703e-07,0.00114062651696748,"11",106782694,106782759,66,"-",201,260,169,492,420,177,c("ENSMUST00000133426", "ENSMUST00000175532")
"Pcx:E003","ENSMUSG00000024892:E003","ENSMUSG00000024892","E003",30.9291804667671,0.0230933855253957,24.0396581011398,9.43717746653199e-07,0.00117899916379713,"19",4594319,4594442,124,"+",46,86,51,14,16,4,ENSMUST00000113825
"Rbm14+Gm21992+Rbm4:E011","ENSMUSG00000006456+ENSMUSG00000096370+ENSMUSG00000094936:E011","ENSMUSG00000006456+ENSMUSG00000096370+ENSMUSG00000094936","E011",18.6570077376781,0.0100047257938394,23.7949269231806,1.07164535173878e-06,0.00132995446344234,"19",4791159,4792397,1239,"-",29,27,39,17,8,5,c("ENSMUST00000179820", "ENSMUST00000178727")
"Xpo5:E005","ENSMUSG00000067150:E005","ENSMUSG00000067150","E005",7.73278462059896,0.0152041458321094,23.7548227205921,1.09420853064155e-06,0.0013490223422147,"17",46208075,46208257,183,"+",12,15,18,2,5,1,ENSMUST00000087031
"Zfp871:E006","ENSMUSG00000024298:E006","ENSMUSG00000024298","E006",20.0555033376296,0.00967912435065119,23.5815574282096,1.1972957795129e-06,0.0014569456960609,"17",32787283,32787547,265,"-",5,5,15,45,25,21,ENSMUST00000057501
"Cxcl12:E010","ENSMUSG00000061353:E010","ENSMUSG00000061353","E010",1766.67715655179,0.00266307074693804,23.585138106264,1.19506983786207e-06,0.0014569456960609,"6",117178583,117181366,2784,"+",1189,1412,1572,3065,2204,1299,c("ENSMUST00000112871", "ENSMUST00000073043")
"Mup10:E007","ENSMUSG00000078680:E007","ENSMUSG00000078680","E007",227.404747155442,0.00681066499061703,23.5051647587538,1.24578893021678e-06,0.00150617489132796,"4",60580753,60581097,345,"-",342,382,494,165,135,34,ENSMUST00000148302
"Slc38a3:E025","ENSMUSG00000010064:E025","ENSMUSG00000010064","E025",46.9293480791844,0.0163484887419231,23.4519582041073,1.28072295155968e-06,0.00153848486508608,"9",107656678,107656896,219,"-",58,70,78,58,33,15,ENSMUST00000195033
"Cald1:E021","ENSMUSG00000029761:E021","ENSMUSG00000029761","E021",125.562263413943,0.00295883106482005,23.4087124353765,1.30983957400568e-06,0.00156343953280218,"6",34746091,34746385,295,"+",165,126,132,132,110,93,c("ENSMUST00000115027", "ENSMUST00000136907")
"Slc40a1:E015","ENSMUSG00000025993:E015","ENSMUSG00000025993","E015",19.4303998470012,0.0168658289843779,23.3921614546868,1.32115791689242e-06,0.00156696854526512,"1",45924785,45925220,436,"-",39,28,31,15,11,4,ENSMUST00000186755
"Mios:E010","ENSMUSG00000042447:E010","ENSMUSG00000042447","E010",7.15374817218856,0.0125570765611774,23.3156406076539,1.37477508173685e-06,0.00162030645278138,"6",8229505,8231160,1656,"+",14,19,14,3,1,0,ENSMUST00000161134
"Mff:E028","ENSMUSG00000026150:E028","ENSMUSG00000026150","E028",10.9551683078023,0.00955807138360754,23.2898640279268,1.39332349036279e-06,0.00163190401327197,"1",82748389,82750519,2131,"+",13,26,23,6,8,1,ENSMUST00000162573
"Npm1:E019","ENSMUSG00000057113:E019","ENSMUSG00000057113","E019",2.93357992288113,0.0258420432282719,23.2771479036116,1.4025660521213e-06,0.00163252590353649,"11",33163073,33163076,4,"-",6,8,6,1,0,0,c("ENSMUST00000101375", "ENSMUST00000075641", "ENSMUST00000109354")
"Rnasek+Gm21988+0610010K14Rik:E024","ENSMUSG00000093989+ENSMUSG00000040904+ENSMUSG00000020831:E024","ENSMUSG00000093989+ENSMUSG00000040904+ENSMUSG00000020831","E024",33.9501491022476,0.00369995846593518,23.2588607821966,1.41596573597279e-06,0.00163794895693884,"11",70237784,70237804,21,"-",45,53,55,27,22,17,c("ENSMUST00000108575", "ENSMUST00000108576", "ENSMUST00000108577", "ENSMUST00000108578", "ENSMUST00000108579", "ENSMUST00000102569", "ENSMUST00000021181", "ENSMUST00000021180", "ENSMUST00000176116", "ENSMUST00000150504", "ENSMUST00000176268")
"Opa1:E045","ENSMUSG00000038084:E045","ENSMUSG00000038084","E045",359.215629124139,0.00444076993158777,23.2420385185532,1.42840541651911e-06,0.00164220177815603,"16",29651880,29654884,3005,"+",397,581,480,349,266,217,ENSMUST00000160597
"Mir22hg+Tlcd2+Mir22:E006","ENSMUSG00000085148+ENSMUSG00000038217+ENSMUSG00000065529:E006","ENSMUSG00000085148+ENSMUSG00000038217+ENSMUSG00000065529","E006",37.827614867488,0.0306187534920285,23.1963141061173,1.46277427016375e-06,0.00167146042625534,"11",75463811,75463857,47,"+",22,52,31,87,36,19,c("ENSMUST00000134345", "ENSMUST00000149940", "ENSMUST00000124718")
"Aldh3a2:E003","ENSMUSG00000010025:E003","ENSMUSG00000010025","E003",74.1547370861075,0.0134345619594455,23.1723401544851,1.48112454663447e-06,0.00168217149494339,"11",61247527,61248482,956,"-",69,69,77,108,106,35,ENSMUST00000108715
"Araf:E021","ENSMUSG00000001127:E021","ENSMUSG00000001127","E021",43.4372017690195,0.00650827383384099,23.0462460330818,1.58151002546894e-06,0.00177475904939531,"X",20852215,20852889,675,"+",67,65,75,32,30,15,c("ENSMUST00000120356", "ENSMUST00000122312")
"Tigd5+ENSMUSG00000047166:E005","ENSMUSG00000103906+ENSMUSG00000047166:E005","ENSMUSG00000103906+ENSMUSG00000047166","E005",10.0474919235244,0.0190674310147706,23.0461517960532,1.58158754541971e-06,0.00177475904939531,"15",75912149,75914535,2387,"+",3,6,4,16,15,12,ENSMUST00000192937
"Ddx5+Mir3064+Gm25994:E021","ENSMUSG00000020719+ENSMUSG00000093273+ENSMUSG00000093133:E021","ENSMUSG00000020719+ENSMUSG00000093273+ENSMUSG00000093133","E021",576.355279210966,0.00166159187990256,23.0221579196202,1.60144959276969e-06,0.00178635029366823,"11",106784880,106785046,167,"-",585,923,680,641,549,311,c("ENSMUST00000106778", "ENSMUST00000021062", "ENSMUST00000133426")
"Clec16a:E042","ENSMUSG00000068663:E042","ENSMUSG00000068663","E042",85.84723488126,0.00672716464641467,22.9651626062843,1.64963897158042e-06,0.00182921535122636,"16",10742466,10744878,2413,"+",54,88,89,130,92,70,c("ENSMUST00000115824", "ENSMUST00000066345", "ENSMUST00000155633")
"Crot+Gm27941:E013","ENSMUSG00000003623+ENSMUSG00000099209:E013","ENSMUSG00000003623+ENSMUSG00000099209","E013",21.444123476281,0.00701235282692309,22.9021293005026,1.70462917152336e-06,0.00187907289915272,"5",8981767,8982144,378,"-",15,30,22,23,18,21,ENSMUST00000146115
"Vtn:E011","ENSMUSG00000017344:E011","ENSMUSG00000017344","E011",22.9005506841587,0.00828258466913281,22.7359457928976,1.85858455478497e-06,0.00202939187573675,"11",78500606,78500694,89,"+",30,51,29,15,16,10,ENSMUST00000153628
"Fnbp1:E003","ENSMUSG00000075415:E003","ENSMUSG00000075415","E003",33.8060764807701,0.00390314541584579,22.7317448856196,1.86265203085813e-06,0.00202939187573675,"2",31026208,31026794,587,"-",24,31,31,55,37,27,c("ENSMUST00000073879", "ENSMUST00000113560", "ENSMUST00000113559", "ENSMUST00000113562")
"Entpd6:E022","ENSMUSG00000033068:E022","ENSMUSG00000033068","E022",42.5601592649441,0.0149669715447906,22.7083275250108,1.88548976628172e-06,0.0020423995707046,"2",150770629,150771675,1047,"+",33,60,58,55,33,30,ENSMUST00000094467
"Myo1b:E057","ENSMUSG00000018417:E057","ENSMUSG00000018417","E057",46.9979066876453,0.0196745509300962,22.683088213174,1.91041897629383e-06,0.00205751025804905,"1",51915761,51915912,152,"-",36,29,47,92,57,29,c("ENSMUST00000018561", "ENSMUST00000151525", "ENSMUST00000126657", "ENSMUST00000114537", "ENSMUST00000046390")
"Pygl:E028","ENSMUSG00000021069:E028","ENSMUSG00000021069","E028",34.0828614188497,0.158524368727918,22.6092215049815,1.98529426963211e-06,0.00212593251569285,"12",70230971,70231488,518,"-",97,88,38,0,6,2,ENSMUST00000161083
"Etnppl:E009","ENSMUSG00000019232:E009","ENSMUSG00000019232","E009",72.7145656433191,0.0883640924524375,22.4868967383563,2.11581970369928e-06,0.00225283105121667,"3",130620793,130621650,858,"+",10,8,7,225,145,44,ENSMUST00000172432
"Arhgap1:E029","ENSMUSG00000027247:E029","ENSMUSG00000027247","E029",60.8590317895749,0.00931504280992047,22.4741953126214,2.12985660886728e-06,0.0022549646267339,"2",91671362,91672302,941,"+",47,62,56,98,62,47,c("ENSMUST00000111330", "ENSMUST00000111331", "ENSMUST00000111329", "ENSMUST00000090614")
"Setd1a+Hsd3b7:E025","ENSMUSG00000042308+ENSMUSG00000042289:E025","ENSMUSG00000042308+ENSMUSG00000042289","E025",17.8399696686105,0.0283423869511924,22.3174845275348,2.31092894546885e-06,0.00243292781794396,"7",127797074,127797246,173,"+",21,20,20,23,16,11,c("ENSMUST00000047075", "ENSMUST00000154987", "ENSMUST00000047157")
"Klhl24:E008","ENSMUSG00000062901:E008","ENSMUSG00000062901","E008",691.023417947259,0.00162587185670213,22.2561165558636,2.38597526418358e-06,0.00249790283006821,"16",20122906,20127744,4839,"+",568,788,738,996,775,441,ENSMUST00000023509
"Pnkd:E013","ENSMUSG00000026179:E013","ENSMUSG00000026179","E013",73.5713525742989,0.0108952298175048,22.2319108868485,2.41624420867302e-06,0.00251269641726229,"1",74332663,74332791,129,"+",119,139,133,47,28,25,c("ENSMUST00000190398", "ENSMUST00000087225")
"Cpsf6:E006","ENSMUSG00000055531:E006","ENSMUSG00000055531","E006",13.8579720942923,0.0108820325150396,22.2234438916689,2.42692279772074e-06,0.00251269641726229,"10",117353805,117355525,1721,"-",23,20,27,11,10,2,ENSMUST00000177145
"Fn1:E016","ENSMUSG00000026193:E016","ENSMUSG00000026193","E016",250.874222269208,0.00221930324086707,22.1378872010092,2.53751964142898e-06,0.00261276685848828,"1",71597673,71597747,75,"-",215,255,220,320,259,224,c("ENSMUST00000055226", "ENSMUST00000185408", "ENSMUST00000186129", "ENSMUST00000187627", "ENSMUST00000188894")
"Ak6+Taf9:E024","ENSMUSG00000078941+ENSMUSG00000052293:E024","ENSMUSG00000078941+ENSMUSG00000052293","E024",112.660334259694,0.00524633689128438,22.03035186982,2.68372824996053e-06,0.00274821105386805,"13",100665827,100666359,533,"+",74,97,107,162,126,103,ENSMUST00000022135
"Crat:E028","ENSMUSG00000026853:E028","ENSMUSG00000026853","E028",4.31613960694427,0.0374485360017974,21.9889900426611,2.74219004884841e-06,0.00277771993829214,"2",30413629,30413777,149,"-",0,0,1,4,6,9,ENSMUST00000129494
"Mup16:E008","ENSMUSG00000078675:E008","ENSMUSG00000078675","E008",192.240189409347,0.00352403846772496,21.9927686386721,2.73679667499149e-06,0.00277771993829214,"4",61519325,61519467,143,"-",300,234,499,103,122,33,c("ENSMUST00000107483", "ENSMUST00000095051")
"Rnasek+Gm21988+0610010K14Rik:E021","ENSMUSG00000093989+ENSMUSG00000040904+ENSMUSG00000020831:E021","ENSMUSG00000093989+ENSMUSG00000040904+ENSMUSG00000020831","E021",52.3146106314537,0.00440993013875269,21.9673574729736,2.7732731903967e-06,0.00279410255946651,"11",70237531,70237625,95,"-",57,93,78,42,42,27,c("ENSMUST00000108575", "ENSMUST00000108576", "ENSMUST00000108577", "ENSMUST00000108578", "ENSMUST00000108579", "ENSMUST00000138658", "ENSMUST00000102569", "ENSMUST00000021181", "ENSMUST00000021180", "ENSMUST00000176116", "ENSMUST00000150504", "ENSMUST00000176268", "ENSMUST00000100950")
"Npm1:E020","ENSMUSG00000057113:E020","ENSMUSG00000057113","E020",2.81576319102034,0.0270933056033645,21.9371710722172,2.8172387537307e-06,0.00280820261028123,"11",33163077,33163077,1,"-",6,7,6,1,0,0,c("ENSMUST00000075641", "ENSMUST00000109354")
"Npm1:E021","ENSMUSG00000057113:E021","ENSMUSG00000057113","E021",2.81576319102034,0.0270933056033645,21.9371710722172,2.8172387537307e-06,0.00280820261028123,"11",33163078,33163206,129,"-",6,7,6,1,0,0,ENSMUST00000075641
"Smarcc1:E028","ENSMUSG00000032481:E028","ENSMUSG00000032481","E028",93.8282606924805,0.0050733673544473,21.9074139409462,2.86126353488024e-06,0.00283699578119552,"9",110237819,110240177,2359,"+",70,94,92,130,110,73,ENSMUST00000088716
"Plec+Parp10:E063","ENSMUSG00000022565+ENSMUSG00000063268:E063","ENSMUSG00000022565+ENSMUSG00000063268","E063",26.8748585096561,0.00929054099271124,21.7888359574915,3.04366016825101e-06,0.00300196202394597,"15",76233739,76233872,134,"-",48,44,32,21,20,9,c("ENSMUST00000075689", "ENSMUST00000170851", "ENSMUST00000165738", "ENSMUST00000169255", "ENSMUST00000166151")
"Zpr1:E027","ENSMUSG00000032078:E027","ENSMUSG00000032078","E027",490.391578012645,0.0371198454291871,21.7566223213046,3.0951961407021e-06,0.00303680874962907,"9",46281490,46282643,1154,"+",132,83,110,823,664,744,ENSMUST00000156440
"Acox1:E015","ENSMUSG00000020777:E015","ENSMUSG00000020777","E015",113.491151091272,0.0386484947847193,21.7155800530738,3.16212671702961e-06,0.00308631802287082,"11",116182021,116182266,246,"-",66,96,54,193,192,80,c("ENSMUST00000128793", "ENSMUST00000130229")
"Fkbp8:E018","ENSMUSG00000019428:E018","ENSMUSG00000019428","E018",39.802204364649,0.00404365057620767,21.6797201597924,3.221793722567e-06,0.00311213648571077,"8",70532184,70532453,270,"+",26,33,23,62,52,37,c("ENSMUST00000126613", "ENSMUST00000144766", "ENSMUST00000134299")
"Whsc1l1:E040","ENSMUSG00000054823:E040","ENSMUSG00000054823","E040",199.606278856568,0.00358366196718317,21.686894543059,3.20976659918372e-06,0.00311213648571077,"8",25714971,25719667,4697,"+",210,181,194,270,211,144,c("ENSMUST00000084026", "ENSMUST00000142395")
"Irf6+A130010J15Rik:E030","ENSMUSG00000026638+ENSMUSG00000079144:E030","ENSMUSG00000026638+ENSMUSG00000079144","E030",119.46688126066,0.0050404964173566,21.6581401159449,3.25824372610177e-06,0.00313120563866818,"1",193174832,193176298,1467,"+",81,118,113,173,164,82,c("ENSMUST00000110831", "ENSMUST00000178744", "ENSMUST00000160822", "ENSMUST00000161235")
"Timp2:E001","ENSMUSG00000017466:E001","ENSMUSG00000017466","E001",161.611098341468,0.00312647505462012,21.6415630780625,3.28652411377365e-06,0.00314226918035123,"11",118301069,118303700,2632,"-",165,108,162,306,143,109,ENSMUST00000017610
"Phospho1+Zfp652:E019","ENSMUSG00000050860+ENSMUSG00000075595:E019","ENSMUSG00000050860+ENSMUSG00000075595","E019",37.7264084034062,0.0816659952041,21.6204625690038,3.32287809939446e-06,0.00316090044260012,"11",95830763,95831291,529,"+",48,98,100,4,15,4,c("ENSMUST00000133070", "ENSMUST00000054173", "ENSMUST00000176538")
"R74862:E005","ENSMUSG00000059277:E005","ENSMUSG00000059277","E005",2.7505467199416,0.0699857928403221,21.5904277784846,3.37532197026699e-06,0.00319457177405113,"7",143037281,143037381,101,"-",0,0,1,9,3,3,c("ENSMUST00000131129", "ENSMUST00000133630", "ENSMUST00000155952")
"Upp2:E004","ENSMUSG00000026839:E004","ENSMUSG00000026839","E004",6.5742950879755,0.0405797294099773,21.5296560681285,3.48398991954834e-06,0.00328085054750553,"2",58583304,58583782,479,"+",5,9,12,6,6,4,ENSMUST00000137007
"Gpr89:E001","ENSMUSG00000028096:E001","ENSMUSG00000028096","E001",26.5627359233607,0.00531591421085127,21.3832787516417,3.76036483947011e-06,0.00351470162181517,"3",96868281,96868590,310,"-",24,67,45,20,16,10,ENSMUST00000029738
"Rnasek+Gm21988+0610010K14Rik:E006","ENSMUSG00000093989+ENSMUSG00000040904+ENSMUSG00000020831:E006","ENSMUSG00000093989+ENSMUSG00000040904+ENSMUSG00000020831","E006",38.4808936082643,0.0046271355518444,21.3784584471889,3.76983103243301e-06,0.00351470162181517,"11",70235379,70235403,25,"-",50,65,55,33,22,22,c("ENSMUST00000134700", "ENSMUST00000108575", "ENSMUST00000108577", "ENSMUST00000108578", "ENSMUST00000108579", "ENSMUST00000138658", "ENSMUST00000102569", "ENSMUST00000135390", "ENSMUST00000021181", "ENSMUST00000176116", "ENSMUST00000148878", "ENSMUST00000176268", "ENSMUST00000100950")
"Gm8883:E007","ENSMUSG00000099707:E007","ENSMUSG00000099707","E007",18.4185181493983,0.00603532925424805,21.3569333067628,3.81239511854578e-06,0.00353678914866398,"1",71889632,71889869,238,"+",29,45,38,8,4,4,ENSMUST00000187594
"Rdh16+Rdh18-ps:E015","ENSMUSG00000069456+ENSMUSG00000054031:E015","ENSMUSG00000069456+ENSMUSG00000054031","E015",47.8731478290329,0.0271021025253176,21.3245783851386,3.87728313199516e-06,0.00357926712850491,"10",127843939,127846565,2627,"+",35,35,39,82,55,40,ENSMUST00000125163
"Slc25a42:E007","ENSMUSG00000002346:E007","ENSMUSG00000002346","E007",27.5458393031403,0.00484782219807592,21.2129097078895,4.10986910356011e-06,0.00375696166048709,"8",70188950,70189410,461,"-",9,19,25,54,41,20,c("ENSMUST00000150706", "ENSMUST00000139333")
"1110007C09Rik:E006","ENSMUSG00000037960:E006","ENSMUSG00000037960","E006",22.3103433967008,0.0104502280931513,21.2187990522965,4.09726004432302e-06,0.00375696166048709,"13",49215937,49216026,90,"-",29,24,48,20,15,9,ENSMUST00000048946
"Pbld2:E020","ENSMUSG00000020072:E020","ENSMUSG00000020072","E020",76.2189994116122,0.00244978776457182,21.1811232470535,4.178599090393e-06,0.00378288373788588,"10",63067429,63067430,2,"+",66,132,109,89,71,34,ENSMUST00000178684
"Mug-ps1:E041","ENSMUSG00000101397:E041","ENSMUSG00000101397","E041",177.921137146576,0.00217207365053648,21.1817607189146,4.1772094525266e-06,0.00378288373788588,"6",122242147,122242370,224,"+",250,332,308,142,108,53,c("ENSMUST00000189975", "ENSMUST00000186891")
"Phf20l1:E021","ENSMUSG00000072501:E021","ENSMUSG00000072501","E021",421.885115883312,0.00242114626906803,21.1389748737507,4.27151607914234e-06,0.00384841008982229,"15",66641798,66645255,3458,"+",379,438,384,616,492,283,ENSMUST00000048188
"Arhgap21:E019","ENSMUSG00000036591:E019","ENSMUSG00000036591","E019",2.09399636344691,0.0367677421341846,21.1151771342169,4.32489166236432e-06,0.00387785513326357,"2",20855396,20855580,185,"-",4,5,6,0,0,0,ENSMUST00000127512
"Slc11a2:E002","ENSMUSG00000023030:E002","ENSMUSG00000023030","E002",192.233085752484,0.0126551001862282,20.8558838607327,4.95168800995323e-06,0.00441004385210689,"15",100392563,100395269,2707,"-",179,368,339,193,159,61,ENSMUST00000138843
"Pgap2:E039","ENSMUSG00000030990:E039","ENSMUSG00000030990","E039",3.09026139723881,0.0312599226505291,20.8414937685082,4.98903022271787e-06,0.00441004385210689,"7",102235662,102235759,98,"+",7,9,6,0,0,0,c("ENSMUST00000145352", "ENSMUST00000119816")
"Rbm15b+Manf:E008","ENSMUSG00000074102+ENSMUSG00000032575:E008","ENSMUSG00000074102+ENSMUSG00000032575","E008",11.3089190893235,0.0104121219265822,20.8474306532262,4.97358991142259e-06,0.00441004385210689,"9",106885620,106887414,1795,"-",13,11,9,11,17,7,ENSMUST00000055843
"Setd1a+Hsd3b7:E031","ENSMUSG00000042308+ENSMUSG00000042289:E031","ENSMUSG00000042308+ENSMUSG00000042289","E031",69.0702622832226,0.0653396228084536,20.7564097936766,5.21567110063079e-06,0.00458873763964746,"7",127799481,127800115,635,"+",82,60,78,80,69,49,c("ENSMUST00000047075", "ENSMUST00000047157")
"Adar:E024","ENSMUSG00000027951:E024","ENSMUSG00000027951","E024",86.5274426872354,0.00909971899078803,20.6692741029903,5.45849292700437e-06,0.0047576986001946,"3",89751407,89753446,2040,"+",90,98,134,109,92,35,c("ENSMUST00000107405", "ENSMUST00000098924")
"Prkca:E019","ENSMUSG00000050965:E019","ENSMUSG00000050965","E019",3.08235065048576,0.0387332578693759,20.6696940730177,5.4572957948295e-06,0.0047576986001946,"11",108191858,108192129,272,"-",1,2,0,6,4,4,ENSMUST00000134725
"Pnpla7:E049","ENSMUSG00000036833:E049","ENSMUSG00000036833","E049",32.1636734193535,0.0253524080054104,20.5321648814731,5.86375880147309e-06,0.00506382860884632,"2",25050258,25050327,70,"+",39,24,25,49,30,25,c("ENSMUST00000045295", "ENSMUST00000137913", "ENSMUST00000132082")
"Usp34:E068","ENSMUSG00000056342:E068","ENSMUSG00000056342","E068",38.1025453256164,0.00377974110565496,20.5407308761206,5.83757741920994e-06,0.00506382860884632,"11",23454677,23456686,2010,"+",53,61,67,35,25,12,ENSMUST00000130131
"Rnasek+Gm21988+0610010K14Rik:E011","ENSMUSG00000093989+ENSMUSG00000040904+ENSMUSG00000020831:E011","ENSMUSG00000093989+ENSMUSG00000040904+ENSMUSG00000020831","E011",27.4578674700202,0.00905751565606758,20.5117665826334,5.92658031253342e-06,0.00509460261847627,"11",70235736,70235760,25,"-",36,54,39,16,19,14,c("ENSMUST00000134700", "ENSMUST00000108576", "ENSMUST00000135390", "ENSMUST00000102569", "ENSMUST00000108578", "ENSMUST00000021180", "ENSMUST00000176116", "ENSMUST00000176268")
"Cdhr4+Ip6k1+Uba7+Gm20661+Gm20662:E157","ENSMUSG00000032595+ENSMUSG00000032594+ENSMUSG00000032596+ENSMUSG00000079323+ENSMUSG00000093456:E157","ENSMUSG00000032595+ENSMUSG00000032594+ENSMUSG00000032596+ENSMUSG00000079323+ENSMUSG00000093456","E157",413.179207184843,0.0145714120815772,20.4498384093133,6.12147242555748e-06,0.00523810761704198,"9",108046144,108048782,2639,"+",299,404,390,617,467,328,ENSMUST00000035214
"Setd1a+Hsd3b7:E007","ENSMUSG00000042308+ENSMUSG00000042289:E007","ENSMUSG00000042308+ENSMUSG00000042289","E007",7.4413795476279,0.0593284639011988,20.4343792388041,6.17111874638587e-06,0.00525658699871124,"7",127778506,127778565,60,"+",2,5,12,10,7,8,c("ENSMUST00000047075", "ENSMUST00000126761", "ENSMUST00000144406", "ENSMUST00000143951", "ENSMUST00000047157")
"Zfp879:E003","ENSMUSG00000044296:E003","ENSMUSG00000044296","E003",9.87713766149157,0.0359677010500699,20.3958836250866,6.2965088231879e-06,0.00533912608117169,"11",50832083,50833971,1889,"-",7,7,26,13,8,4,c("ENSMUST00000109133", "ENSMUST00000049625", "ENSMUST00000109134")
"Eva1a:E006","ENSMUSG00000035104:E006","ENSMUSG00000035104","E006",16.1562908911263,0.00844749588827199,20.2729748156724,6.71423090955206e-06,0.00566768797187986,"6",82052307,82052446,140,"+",23,34,28,14,9,3,ENSMUST00000149023
"Phospho1+Zfp652:E020","ENSMUSG00000050860+ENSMUSG00000075595:E020","ENSMUSG00000050860+ENSMUSG00000075595","E020",37.523613951417,0.0479741790011009,20.236476268996,6.84355259438918e-06,0.00575094719968946,"11",95831292,95831527,236,"+",37,100,99,12,10,9,c("ENSMUST00000133070", "ENSMUST00000054173")
"Cyp2c50:E007","ENSMUSG00000054827:E007","ENSMUSG00000054827","E007",930.492929611667,0.00476584820398548,20.1527200862812,7.14984989433263e-06,0.00598151973503684,"19",40091106,40092203,1098,"+",607,941,1098,1618,1200,461,ENSMUST00000124391
"Wdr89:E002","ENSMUSG00000045690:E002","ENSMUSG00000045690","E002",22.2069145821182,0.103405605998571,19.9479005148816,7.95812930724485e-06,0.00662813136795451,"12",75631397,75633508,2112,"-",23,53,60,11,7,4,c("ENSMUST00000187307", "ENSMUST00000062370")
"Nisch:E028","ENSMUSG00000021910:E028","ENSMUSG00000021910","E028",16.1635399379753,0.0147614899734252,19.911279539245,8.11203051488703e-06,0.00669678494448584,"14",31180950,31181470,521,"-",31,30,25,6,9,5,ENSMUST00000169906
"Cald1:E020","ENSMUSG00000029761:E020","ENSMUSG00000029761","E020",79.2280695250729,0.00218349128496165,19.9132428970467,8.1037041265436e-06,0.00669678494448584,"6",34746016,34746090,75,"+",93,94,81,84,73,58,c("ENSMUST00000115027", "ENSMUST00000123823", "ENSMUST00000136907")
"Ccrn4l:E006","ENSMUSG00000023087:E006","ENSMUSG00000023087","E006",139.208881771028,0.0082667062645698,19.8745042847479,8.26958725177904e-06,0.00679691158869139,"3",51247805,51248074,270,"+",79,92,96,241,170,135,c("ENSMUST00000167780", "ENSMUST00000023849", "ENSMUST00000144826", "ENSMUST00000193018")
"Rnasek+Gm21988+0610010K14Rik:E007","ENSMUSG00000093989+ENSMUSG00000040904+ENSMUSG00000020831:E007","ENSMUSG00000093989+ENSMUSG00000040904+ENSMUSG00000020831","E007",57.5449112331153,0.00759826330910746,19.8590327239329,8.33678702566779e-06,0.00682222217576012,"11",70235404,70235464,61,"-",75,93,80,53,31,35,c("ENSMUST00000134700", "ENSMUST00000108575", "ENSMUST00000108576", "ENSMUST00000108577", "ENSMUST00000108578", "ENSMUST00000108579", "ENSMUST00000138658", "ENSMUST00000102569", "ENSMUST00000135390", "ENSMUST00000021181", "ENSMUST00000176116", "ENSMUST00000148878", "ENSMUST00000176268", "ENSMUST00000100950")
"Mir3061+Ppp2ca:E011","ENSMUSG00000092870+ENSMUSG00000020349:E011","ENSMUSG00000092870+ENSMUSG00000020349","E011",60.300254247712,0.00744343477873817,19.8195394352003,8.51082015629791e-06,0.00693435723839025,"11",52126837,52127778,942,"+",52,43,45,82,71,57,ENSMUST00000020608
"Cd36:E018","ENSMUSG00000002944:E018","ENSMUSG00000002944","E018",143.989401339743,0.0110422811326991,19.7350251442917,8.89559835436715e-06,0.00720037877298571,"5",17849657,17849792,136,"-",216,404,308,37,27,26,c("ENSMUST00000170051", "ENSMUST00000165232")
"Ctsh:E004","ENSMUSG00000032359:E004","ENSMUSG00000032359","E004",49.3946228410632,0.00395159066614189,19.7310403498414,8.91416551669815e-06,0.00720037877298571,"9",90054506,90054520,15,"+",43,92,69,59,45,20,c("ENSMUST00000132718", "ENSMUST00000034915", "ENSMUST00000127842")
"Mipol1+Prps1l3:E007","ENSMUSG00000047022+ENSMUSG00000079104:E007","ENSMUSG00000047022+ENSMUSG00000079104","E007",299.561626602911,0.0145166666057197,19.6148918591419,9.47279790138697e-06,0.00761877213873912,"12",57238363,57239882,1520,"+",272,421,369,372,253,200,ENSMUST00000139049
"Phospho1+Zfp652:E021","ENSMUSG00000050860+ENSMUSG00000075595:E021","ENSMUSG00000050860+ENSMUSG00000075595","E021",27.434913583797,0.0381962197775169,19.588094869636,9.60659444512292e-06,0.0076933631591141,"11",95831528,95831592,65,"+",32,71,66,14,4,7,c("ENSMUST00000133070", "ENSMUST00000054173", "ENSMUST00000176538")
"Osbpl9:E045","ENSMUSG00000028559:E045","ENSMUSG00000028559","E045",19.3340862849883,0.00810377061000771,19.5591731577529,9.7531296271901e-06,0.00774452217265484,"4",109133744,109133776,33,"-",31,32,36,12,11,6,c("ENSMUST00000160774", "ENSMUST00000161363", "ENSMUST00000139248", "ENSMUST00000162787", "ENSMUST00000159545", "ENSMUST00000194478", "ENSMUST00000030288", "ENSMUST00000161602")
"Mug-ps1:E019","ENSMUSG00000101397:E019","ENSMUSG00000101397","E019",45.2841145653728,0.00880422866940302,19.5613424917704,9.7420610140271e-06,0.00774452217265484,"6",122230631,122230780,150,"+",77,94,80,26,25,7,c("ENSMUST00000189975", "ENSMUST00000186891")
"Gm27206+Zhx3:E014","ENSMUSG00000098889+ENSMUSG00000035877:E014","ENSMUSG00000098889+ENSMUSG00000035877","E014",16.3063800824567,0.0144748511237266,19.5343838388401,9.88051252681774e-06,0.00781256711387369,"2",160872430,160872572,143,"-",29,27,23,10,9,7,ENSMUST00000103111
"Adipor2:E012","ENSMUSG00000030168:E012","ENSMUSG00000030168","E012",118.559167485435,0.0101640721794796,19.4770783696879,1.01814150476457e-05,0.00801666653648596,"6",119370151,119370408,258,"-",190,279,161,63,56,43,c("ENSMUST00000169744", "ENSMUST00000189710", "ENSMUST00000187699", "ENSMUST00000188851", "ENSMUST00000032272")
"Pklr:E008","ENSMUSG00000041237:E008","ENSMUSG00000041237","E008",4.35534422558623,0.0205086862089569,19.4613986850611,1.02653383783827e-05,0.00804892726399075,"3",89137407,89137459,53,"+",12,10,6,2,0,0,ENSMUST00000151591
"Pbld2:E021","ENSMUSG00000020072:E021","ENSMUSG00000020072","E021",143.495715746934,0.00270445157458869,19.4201410602959,1.04894975803525e-05,0.00819041824193884,"10",63067431,63067538,108,"+",125,214,208,176,144,66,c("ENSMUST00000178684", "ENSMUST00000020266")
"Cyb5rl:E029","ENSMUSG00000028621:E029","ENSMUSG00000028621","E029",8.61636057018687,0.0131234441264363,19.39184917954,1.0646046347117e-05,0.00827816243697381,"4",107085314,107085393,80,"+",2,7,6,16,9,10,c("ENSMUST00000126207", "ENSMUST00000106760", "ENSMUST00000149453", "ENSMUST00000106758", "ENSMUST00000030364")
"Gpbp1:E023","ENSMUSG00000032745:E023","ENSMUSG00000032745","E023",116.903589759493,0.00193493250515785,19.327541926066,1.10106634879352e-05,0.00852630291590328,"13",111489718,111490028,311,"-",127,170,157,114,95,74,c("ENSMUST00000091236", "ENSMUST00000047627")
"Zpr1:E017","ENSMUSG00000032078:E017","ENSMUSG00000032078","E017",14.7781527263378,0.0113483110190436,19.2571953126638,1.14239019683314e-05,0.0088098969430428,"9",46276479,46276609,131,"+",3,1,1,25,29,19,c("ENSMUST00000141763", "ENSMUST00000125791")
"Kdm5d:E041","ENSMUSG00000056673:E041","ENSMUSG00000056673","E041",39.649028329428,0.0035061145728639,19.0054776134238,1.30343738567713e-05,0.00997213957373072,"Y",941227,941823,597,"+",56,73,76,34,20,10,c("ENSMUST00000187296", "ENSMUST00000186726", "ENSMUST00000055032")
"Gm14420:E001","ENSMUSG00000078866:E001","ENSMUSG00000078866","E001",16.5821035721731,0.0531910937674659,19.0050311110974,1.30374242680727e-05,0.00997213957373072,"2",177464733,177464845,113,"+",33,28,11,10,7,12,ENSMUST00000099002